{
  "Logistic Regression": {
    "tavg": 0.2148398451449609,
    "tmin": 0.3113634401429866,
    "tmax": 0.1633563728386367,
    "prcp": 0.2975402938900016,
    "wspd": 0.06476530014421977,
    "wpgt": 0.002618832338679357,
    "pres": 0.1975784239911282,
    "humidity": 0.19911571084305746,
    "solar_radiation": 0.10882645719716336,
    "month": 0.022787123584769472,
    "day_of_year": 0.1260594624794086,
    "quarter": 0.17056051026611257,
    "temp_range": 0.7859203352109266,
    "high_humidity": 0.3825791451546782,
    "pressure_anomaly": 0.1816342002195686,
    "prcp_7day_avg": 1.1602028825503725,
    "tavg_7day_avg": 0.29756074404998334,
    "wspd_7day_avg": 0.027026198020741413,
    "location_encoded": 0.2148677738723564
  },
  "Random Forest": {
    "tavg": 0.0741070997173951,
    "tmin": 0.06275348899600164,
    "tmax": 0.031223481138667585,
    "prcp": 0.08986558083657421,
    "wspd": 0.03932589432256619,
    "wpgt": 0.01675398186337049,
    "pres": 0.031137144623879447,
    "humidity": 0.056023850546055486,
    "solar_radiation": 0.03880489138835103,
    "month": 0.005665906355483989,
    "day_of_year": 0.024827226092717303,
    "quarter": 0.0009072385341183825,
    "temp_range": 0.07185989538459545,
    "high_humidity": 0.005727737830962155,
    "pressure_anomaly": 0.02580564319548574,
    "prcp_7day_avg": 0.25076759282387134,
    "tavg_7day_avg": 0.07265279466995392,
    "wspd_7day_avg": 0.09769595248723642,
    "location_encoded": 0.00409459919271424
  }
}